<keymap version="1" name="Eclipse copy" parent="Eclipse">
  <action id="ActivateStructureToolWindow" />
  <action id="Annotate">
    <keyboard-shortcut first-keystroke="ctrl j" second-keystroke="n" />
  </action>
  <action id="AutoIndentLines">
    <keyboard-shortcut first-keystroke="ctrl alt i" />
    <keyboard-shortcut first-keystroke="ctrl i" />
  </action>
  <action id="BPIJPlugin.AddPackage">
    <keyboard-shortcut first-keystroke="shift alt j" second-keystroke="a" />
  </action>
  <action id="BPIJPlugin.AddSelectedPackage">
    <keyboard-shortcut first-keystroke="shift alt j" second-keystroke="p" />
  </action>
  <action id="BPIJPlugin.RemovePackage">
    <keyboard-shortcut first-keystroke="shift alt j" second-keystroke="x" />
  </action>
  <action id="BPIJPlugin.SyncFromVersionSet">
    <keyboard-shortcut first-keystroke="shift alt j" second-keystroke="s" />
  </action>
  <action id="BPIJPlugin.SyncFromWS">
    <keyboard-shortcut first-keystroke="shift alt j" second-keystroke="r" />
  </action>
  <action id="BlackCaiman.CheckoutPackage">
    <keyboard-shortcut first-keystroke="shift alt j" second-keystroke="p" />
  </action>
  <action id="BlackCaiman.Legacy.RemovePackage">
    <keyboard-shortcut first-keystroke="shift alt j" second-keystroke="k" />
  </action>
  <action id="BlackCaiman.Legacy.SyncFromVersionSet">
    <keyboard-shortcut first-keystroke="shift alt j" second-keystroke="v" />
  </action>
  <action id="BlackCaiman.Legacy.SyncFromWS">
    <keyboard-shortcut first-keystroke="shift alt j" second-keystroke="w" />
  </action>
  <action id="BlackCaiman.SyncDependencies">
    <keyboard-shortcut first-keystroke="shift alt j" second-keystroke="d" />
  </action>
  <action id="BlackCaiman.SyncFromWorkspace">
    <keyboard-shortcut first-keystroke="shift alt j" second-keystroke="w" />
  </action>
  <action id="BlackCaiman.SyncVersionSetMetadata">
    <keyboard-shortcut first-keystroke="shift alt j" second-keystroke="m" />
  </action>
  <action id="CallHierarchy">
    <keyboard-shortcut first-keystroke="shift alt h" />
  </action>
  <action id="ChangeSplitOrientation">
    <keyboard-shortcut first-keystroke="ctrl j" second-keystroke="space" />
  </action>
  <action id="ChangesView.Refresh">
    <keyboard-shortcut first-keystroke="ctrl alt y" />
  </action>
  <action id="ChangesView.Revert">
    <keyboard-shortcut first-keystroke="ctrl alt z" />
    <keyboard-shortcut first-keystroke="shift alt j" second-keystroke="b" />
  </action>
  <action id="CheckinFiles">
    <keyboard-shortcut first-keystroke="ctrl j" second-keystroke="i" />
  </action>
  <action id="CloseActiveTab">
    <keyboard-shortcut first-keystroke="ctrl f4" />
  </action>
  <action id="CloseContent" />
  <action id="CloseEditor">
    <keyboard-shortcut first-keystroke="ctrl w" />
  </action>
  <action id="CollapseSelection" />
  <action id="CommanderSwapPanels" />
  <action id="Compare.LastVersion">
    <keyboard-shortcut first-keystroke="ctrl j" second-keystroke="h" />
  </action>
  <action id="Compare.Selected">
    <keyboard-shortcut first-keystroke="ctrl j" second-keystroke="c" />
  </action>
  <action id="CompileProject">
    <keyboard-shortcut first-keystroke="shift ctrl b" />
  </action>
  <action id="Console.Hibernate.Close">
    <keyboard-shortcut first-keystroke="ctrl f4" />
  </action>
  <action id="Console.Jdbc.Close">
    <keyboard-shortcut first-keystroke="ctrl f4" />
  </action>
  <action id="Console.Jpa.Close">
    <keyboard-shortcut first-keystroke="ctrl f4" />
  </action>
  <action id="DBNavigator.Actions.Execute">
    <keyboard-shortcut first-keystroke="ctrl enter" />
  </action>
  <action id="DSM.Analyze">
    <keyboard-shortcut first-keystroke="shift ctrl l" second-keystroke="x" />
  </action>
  <action id="DSM.Close">
    <keyboard-shortcut first-keystroke="ctrl f4" />
  </action>
  <action id="Debug">
    <keyboard-shortcut first-keystroke="shift f9" />
  </action>
  <action id="DuplicatesForm.SendToLeft" />
  <action id="EditorCodeBlockEnd">
    <keyboard-shortcut first-keystroke="ctrl close_bracket" />
  </action>
  <action id="EditorIndentSelection">
    <keyboard-shortcut first-keystroke="tab" />
  </action>
  <action id="EditorMoveToPageBottom" />
  <action id="EditorMoveToPageTop" />
  <action id="EditorSplitLine" />
  <action id="EditorToggleCase">
    <keyboard-shortcut first-keystroke="shift ctrl x" />
    <keyboard-shortcut first-keystroke="shift ctrl y" />
  </action>
  <action id="EvaluateExpression">
    <keyboard-shortcut first-keystroke="alt f8" />
  </action>
  <action id="ExternalSystem.RefreshAllProjects">
    <keyboard-shortcut first-keystroke="ctrl alt y" />
  </action>
  <action id="ExternalSystem.RefreshProject">
    <keyboard-shortcut first-keystroke="ctrl alt y" />
  </action>
  <action id="FileChooser.GotoHome" />
  <action id="FileChooser.NewFolder">
    <keyboard-shortcut first-keystroke="alt insert" />
  </action>
  <action id="FileStructurePopup">
    <keyboard-shortcut first-keystroke="ctrl o" />
  </action>
  <action id="Find">
    <keyboard-shortcut first-keystroke="ctrl h" />
  </action>
  <action id="FindInPath">
    <keyboard-shortcut first-keystroke="ctrl alt h" />
  </action>
  <action id="FindUsages">
    <keyboard-shortcut first-keystroke="shift ctrl g" />
  </action>
  <action id="FindUsagesInFile">
    <keyboard-shortcut first-keystroke="shift ctrl u" />
  </action>
  <action id="ForceRunToCursor">
    <keyboard-shortcut first-keystroke="alt f9" />
  </action>
  <action id="Generate">
    <keyboard-shortcut first-keystroke="alt insert" />
    <keyboard-shortcut first-keystroke="alt help" />
  </action>
  <action id="Git.Add">
    <keyboard-shortcut first-keystroke="ctrl alt a" />
  </action>
  <action id="Git.CompareWithBranch">
    <keyboard-shortcut first-keystroke="ctrl j" second-keystroke="b" />
  </action>
  <action id="Git.Revert">
    <keyboard-shortcut first-keystroke="ctrl j" second-keystroke="r" />
  </action>
  <action id="GotoBookmark1" />
  <action id="GotoImplementation">
    <keyboard-shortcut first-keystroke="ctrl f3" />
  </action>
  <action id="GotoNextError">
    <keyboard-shortcut first-keystroke="ctrl period" />
  </action>
  <action id="GotoPreviousError">
    <keyboard-shortcut first-keystroke="ctrl comma" />
  </action>
  <action id="GotoSuperMethod">
    <keyboard-shortcut first-keystroke="ctrl u" />
  </action>
  <action id="GotoTest">
    <keyboard-shortcut first-keystroke="shift alt t" />
  </action>
  <action id="GuiDesigner.IncreaseIndent">
    <keyboard-shortcut first-keystroke="tab" />
  </action>
  <action id="Images.Thumbnails.Hide" />
  <action id="IncrementalSearch" />
  <action id="IntroduceVariable">
    <keyboard-shortcut first-keystroke="ctrl alt v" />
  </action>
  <action id="Maven.ReimportProject">
    <keyboard-shortcut first-keystroke="shift ctrl alt m" second-keystroke="r" />
  </action>
  <action id="MethodHierarchy">
    <keyboard-shortcut first-keystroke="shift ctrl h" />
    <keyboard-shortcut first-keystroke="ctrl t" />
  </action>
  <action id="NewElement">
    <keyboard-shortcut first-keystroke="alt insert" />
    <keyboard-shortcut first-keystroke="ctrl n" />
  </action>
  <action id="NextSplitter">
    <keyboard-shortcut first-keystroke="ctrl j" second-keystroke="o" />
  </action>
  <action id="NextTab">
    <keyboard-shortcut first-keystroke="ctrl page_down" />
  </action>
  <action id="ParameterInfo">
    <keyboard-shortcut first-keystroke="ctrl p" />
  </action>
  <action id="PinActiveTab">
    <keyboard-shortcut first-keystroke="shift ctrl alt p" />
  </action>
  <action id="PrevSplitter" />
  <action id="PreviousTab">
    <keyboard-shortcut first-keystroke="ctrl page_up" />
  </action>
  <action id="Print" />
  <action id="QuickJavaDoc">
    <keyboard-shortcut first-keystroke="f2" />
  </action>
  <action id="Refresh">
    <keyboard-shortcut first-keystroke="ctrl alt y" />
  </action>
  <action id="Resume">
    <keyboard-shortcut first-keystroke="f9" />
  </action>
  <action id="Run">
    <keyboard-shortcut first-keystroke="shift f10" />
  </action>
  <action id="Scala.ShowImplicits">
    <keyboard-shortcut first-keystroke="shift ctrl alt equals" />
    <keyboard-shortcut first-keystroke="shift ctrl alt add" />
  </action>
  <action id="SelectAllOccurrences" />
  <action id="ShowBackwardPackageDeps">
    <keyboard-shortcut first-keystroke="shift ctrl l" second-keystroke="b" />
  </action>
  <action id="ShowErrorDescription">
    <keyboard-shortcut first-keystroke="ctrl f1" />
    <keyboard-shortcut first-keystroke="ctrl 1" />
  </action>
  <action id="ShowIntentionActions">
    <keyboard-shortcut first-keystroke="alt enter" />
  </action>
  <action id="ShowModulesDependencies">
    <keyboard-shortcut first-keystroke="shift ctrl l" second-keystroke="m" />
  </action>
  <action id="ShowPackageCycles">
    <keyboard-shortcut first-keystroke="shift ctrl l" second-keystroke="c" />
  </action>
  <action id="ShowPackageDeps">
    <keyboard-shortcut first-keystroke="shift ctrl l" second-keystroke="d" />
  </action>
  <action id="ShowPopupMenu">
    <mouse-shortcut keystroke="button3" />
    <keyboard-shortcut first-keystroke="shift alt s" />
    <keyboard-shortcut first-keystroke="ctrl f10" />
  </action>
  <action id="ShowSettings">
    <keyboard-shortcut first-keystroke="ctrl alt s" />
  </action>
  <action id="ShowUmlDiagramPopup">
    <keyboard-shortcut first-keystroke="shift alt u" />
  </action>
  <action id="ShowUsages">
    <keyboard-shortcut first-keystroke="ctrl g" />
  </action>
  <action id="SmartStepInto">
    <keyboard-shortcut first-keystroke="shift f7" />
  </action>
  <action id="SmartTypeCompletion">
    <keyboard-shortcut first-keystroke="shift ctrl space" />
  </action>
  <action id="SplitHorizontally">
    <keyboard-shortcut first-keystroke="ctrl j" second-keystroke="minus" />
    <keyboard-shortcut first-keystroke="ctrl j" second-keystroke="2" />
  </action>
  <action id="SplitVertically">
    <keyboard-shortcut first-keystroke="ctrl j" second-keystroke="shift back_slash" />
    <keyboard-shortcut first-keystroke="ctrl j" second-keystroke="v" />
    <keyboard-shortcut first-keystroke="ctrl j" second-keystroke="3" />
  </action>
  <action id="StepInto">
    <keyboard-shortcut first-keystroke="f7" />
  </action>
  <action id="StepOut">
    <keyboard-shortcut first-keystroke="shift f8" />
  </action>
  <action id="StepOver">
    <keyboard-shortcut first-keystroke="f8" />
  </action>
  <action id="SwitchApply">
    <keyboard-shortcut first-keystroke="shift alt enter" />
  </action>
  <action id="SwitchDown">
    <keyboard-shortcut first-keystroke="shift alt down" />
  </action>
  <action id="SwitchLeft">
    <keyboard-shortcut first-keystroke="shift alt left" />
  </action>
  <action id="SwitchRight">
    <keyboard-shortcut first-keystroke="shift alt right" />
  </action>
  <action id="SwitchUp">
    <keyboard-shortcut first-keystroke="shift alt up" />
  </action>
  <action id="ThePlugin.Issues.RecentlyOpen" />
  <action id="ThePlugin.JIRA.ShowHideJIRATab" />
  <action id="ToggleBookmark">
    <keyboard-shortcut first-keystroke="f11" />
  </action>
  <action id="ToggleBookmarkWithMnemonic">
    <keyboard-shortcut first-keystroke="shift ctrl f11" />
  </action>
  <action id="ToggleFieldBreakpoint">
    <keyboard-shortcut first-keystroke="shift alt w" />
  </action>
  <action id="ToggleLineBreakpoint">
    <keyboard-shortcut first-keystroke="ctrl f8" />
  </action>
  <action id="TypeHierarchy">
    <keyboard-shortcut first-keystroke="ctrl t" />
  </action>
  <action id="TypeHierarchy.Supertypes">
    <keyboard-shortcut first-keystroke="ctrl t" />
  </action>
  <action id="Unsplit">
    <keyboard-shortcut first-keystroke="ctrl j" second-keystroke="1" />
  </action>
  <action id="Vcs.QuickListPopupAction" />
  <action id="Vcs.ShowTabbedFileHistory">
    <keyboard-shortcut first-keystroke="ctrl j" second-keystroke="s" />
  </action>
  <action id="tasks.switch" />
  <action id="tasks.switch.toolbar" />
</keymap>