<keymap version="1" name="kiuk" parent="Eclipse">
  <action id="CloseActiveTab" />
  <action id="CloseContent">
    <keyboard-shortcut first-keystroke="ctrl w" />
  </action>
  <action id="CollapseRegion">
    <keyboard-shortcut first-keystroke="ctrl subtract" />
    <keyboard-shortcut first-keystroke="shift alt minus" />
  </action>
  <action id="Console.TableResult.NavigateExportedAction" />
  <action id="EditorDecreaseFontSizeGlobal" />
  <action id="EditorIncreaseFontSizeGlobal" />
  <action id="ExpandRegion">
    <keyboard-shortcut first-keystroke="ctrl add" />
    <keyboard-shortcut first-keystroke="shift alt equals" />
  </action>
  <action id="FileChooser.TogglePathBar" />
  <action id="FindUsages" />
  <action id="GotoSuperMethod">
    <keyboard-shortcut first-keystroke="ctrl u" />
  </action>
  <action id="IntroduceVariable">
    <keyboard-shortcut first-keystroke="ctrl alt v" />
  </action>
  <action id="ParameterInfo">
    <keyboard-shortcut first-keystroke="ctrl p" />
  </action>
  <action id="Print" />
  <action id="SelectAllOccurrences" />
  <action id="ShowErrorDescription">
    <keyboard-shortcut first-keystroke="ctrl f1" />
    <keyboard-shortcut first-keystroke="shift ctrl f1" />
  </action>
  <action id="ShowUsages">
    <keyboard-shortcut first-keystroke="ctrl g" />
  </action>
  <action id="Synchronize">
    <keyboard-shortcut first-keystroke="ctrl alt y" />
  </action>
  <action id="UsageFiltering.WriteAccess" />
  <action id="Vcs.Log.AnnotateRevisionAction" />
</keymap>