<application>
  <component name="ActionMacroManager">
    <macro name="&lt;noname&gt;">
      <typing text-keycode="65:0;83:0;83:0;69:0;82:0;84:0;69:1;81:0;85:0;65:0;76:0;83:0;57:1">assertEquals(</typing>
      <action id="EditorLineEnd" />
      <action id="EditorLeft" />
      <typing text-keycode="44:0;32:0;48:0;48:1">,&amp;#x20;0)</typing>
      <action id="GotoAction" />
      <shortuct text="ENTER" />
    </macro>
    <macro name="space">
      <action id="EditorDelete" />
      <action id="EditorDelete" />
      <action id="EditorDown" />
      <action id="GotoAction" />
      <shortuct text="ENTER" />
    </macro>
  </component>
</application>