<application>
  <component name="ParameterNameHintsSettings">
    <blacklists>
      <blacklist language="Java">
        <added pattern="com.google.common.base.Preconditions.checkArgument(expression,errorMessage)" />
        <added pattern="org.mockito.invocation.InvocationOnMock.getArgumentAt(index,clazz)" />
      </blacklist>
    </blacklists>
    <disabledLanguages>
      <language id="TypeScript" />
      <language id="Angular2Html" />
      <language id="JavaScript" />
      <language id="SQL" />
    </disabledLanguages>
  </component>
</application>