<application>
  <component name="ImportFilteringUsageViewSetting">
    <option name="SHOW_IMPORTS" value="false" />
  </component>
  <component name="UsageFilteringRuleState">
    <option value="com.intellij.usages.impl.rules.UsageInGeneratedCodeFilteringRule" />
    <option value="com.intellij.usages.impl.rules.ImportUsageFilteringRule" />
  </component>
  <component name="UsageViewSettings">
    <option name="GROUP_BY_MODULE" value="false" />
    <option name="GROUP_BY_PACKAGE" value="false" />
    <option name="GROUP_BY_USAGE_TYPE" value="false" />
  </component>
</application>